path_image,lebel
new_data0.jpeg,rouille
new_data1.jpeg,rouille
new_data2.jpeg,rouille
new_data3.jpeg,rouille
new_data4.jpeg,rouille
new_data5.jpeg,rouille
new_data6.jpeg,rouille
new_data7.jpeg,rouille
new_data8.jpeg,rouille
new_data9.jpeg,rouille
new_data10.jpeg,rouille
new_data11.jpeg,rouille
new_data12.jpeg,rouille
new_data13.jpeg,rouille
new_data14.jpeg,rouille
new_data15.jpeg,rouille
new_data16.jpeg,rouille
new_data17.jpeg,rouille
new_data18.jpeg,rouille
new_data19.jpeg,rouille
new_data20.jpeg,rouille
new_data21.jpeg,rouille
new_data22.jpeg,rouille
new_data23.jpeg,rouille
new_data24.jpeg,rouille
new_data25.jpeg,rouille
new_data26.jpeg,rouille
new_data27.jpeg,rouille
new_data28.jpeg,rouille
new_data29.jpeg,rouille
new_data30.jpeg,rouille
new_data31.jpeg,rouille
new_data32.jpeg,rouille
new_data33.jpeg,rouille
new_data34.jpeg,rouille
new_data35.jpeg,rouille
new_data36.jpeg,rouille
new_data37.jpeg,rouille
new_data38.jpeg,rouille
new_data39.jpeg,rouille
new_data40.jpeg,rouille
new_data41.jpeg,rouille
new_data42.jpeg,rouille
new_data43.jpeg,rouille
new_data44.jpeg,rouille
new_data45.jpeg,rouille
new_data46.jpeg,rouille
new_data47.jpeg,rouille
new_data48.jpeg,rouille
new_data49.jpeg,rouille
new_data50.jpeg,rouille
new_data51.jpeg,rouille
new_data52.jpeg,polystigma
new_data53.jpeg,polystigma
new_data54.jpeg,polystigma
new_data55.jpeg,polystigma
new_data56.jpeg,polystigma
new_data57.jpeg,polystigma
new_data58.jpeg,polystigma
new_data59.jpeg,polystigma
new_data60.jpeg,polystigma
new_data61.jpeg,polystigma
new_data62.jpeg,polystigma
new_data63.jpeg,polystigma
new_data64.jpeg,polystigma
new_data65.jpeg,polystigma
new_data66.jpeg,polystigma
new_data67.jpeg,polystigma
new_data68.jpeg,polystigma
new_data69.jpeg,polystigma
new_data70.jpeg,polystigma
new_data71.jpeg,polystigma
new_data72.jpeg,polystigma
new_data73.jpeg,polystigma
new_data74.jpeg,polystigma
new_data75.jpeg,polystigma
new_data76.jpeg,polystigma
new_data77.jpeg,polystigma
new_data78.jpeg,polystigma
new_data79.jpeg,polystigma
new_data80.jpeg,polystigma
new_data81.jpeg,polystigma
new_data82.jpeg,polystigma
new_data83.jpeg,polystigma
new_data84.jpeg,polystigma
new_data85.jpeg,polystigma
new_data86.jpeg,polystigma
new_data87.jpeg,polystigma
new_data88.jpeg,polystigma
new_data89.jpeg,polystigma
new_data90.jpeg,polystigma
new_data91.jpeg,polystigma
new_data92.jpeg,polystigma
new_data93.jpeg,polystigma
new_data94.jpeg,polystigma
new_data95.jpeg,polystigma
new_data96.jpeg,polystigma
new_data97.jpeg,polystigma
new_data98.jpeg,polystigma
new_data99.jpeg,polystigma
new_data100.jpeg,polystigma
new_data101.jpeg,polystigma
new_data102.jpeg,polystigma
new_data103.jpeg,polystigma
new_data104.jpeg,polystigma
new_data105.jpeg,polystigma
new_data106.jpeg,polystigma
new_data107.jpeg,polystigma
new_data108.jpeg,polystigma
new_data109.jpeg,polystigma
new_data110.jpeg,coryneum
new_data111.jpeg,coryneum
new_data112.jpeg,coryneum
new_data113.jpeg,coryneum
new_data114.jpeg,coryneum
new_data115.jpeg,coryneum
new_data116.jpeg,coryneum
new_data117.jpeg,coryneum
new_data118.jpeg,coryneum
new_data119.jpeg,coryneum
new_data120.jpeg,coryneum
new_data121.jpeg,coryneum
new_data122.jpeg,coryneum
new_data123.jpeg,coryneum
new_data124.jpeg,coryneum
new_data125.jpeg,coryneum
new_data126.jpeg,coryneum
new_data127.jpeg,coryneum
new_data128.jpeg,coryneum
new_data129.jpeg,coryneum
new_data130.jpeg,coryneum
new_data131.jpeg,coryneum
new_data132.jpeg,coryneum
new_data133.jpeg,coryneum
new_data134.jpeg,coryneum
new_data135.jpeg,coryneum
new_data136.jpeg,coryneum
new_data137.jpeg,coryneum
new_data138.jpeg,coryneum
new_data139.jpeg,coryneum
new_data140.jpeg,coryneum
new_data141.jpeg,coryneum
new_data142.jpeg,coryneum
new_data143.jpeg,coryneum
new_data144.jpeg,coryneum
new_data145.jpeg,coryneum
new_data146.jpeg,coryneum
new_data147.jpeg,coryneum
new_data148.jpeg,coryneum
new_data149.jpeg,coryneum
new_data150.jpeg,coryneum
new_data151.jpeg,coryneum
new_data152.jpeg,coryneum
new_data153.jpeg,coryneum
new_data154.jpeg,coryneum
new_data155.jpeg,coryneum
new_data156.jpeg,coryneum
new_data157.jpeg,coryneum
new_data158.jpeg,coryneum
new_data159.jpeg,coryneum
new_data160.jpeg,coryneum
new_data161.jpeg,coryneum
new_data162.jpeg,coryneum
new_data163.jpeg,coryneum
new_data164.jpeg,coryneum
new_data165.jpeg,coryneum
new_data166.jpeg,coryneum
new_data167.jpeg,coryneum
new_data168.jpeg,coryneum
new_data169.jpeg,coryneum
new_data170.jpeg,coryneum
new_data171.jpeg,coryneum
new_data172.jpeg,coryneum
new_data173.jpeg,coryneum
new_data174.jpeg,coryneum
new_data175.jpeg,coryneum
new_data176.jpeg,coryneum
new_data177.jpeg,coryneum
new_data178.jpeg,coryneum
new_data179.jpeg,coryneum
new_data180.jpeg,coryneum
new_data181.jpeg,coryneum
new_data182.jpeg,coryneum
new_data183.jpeg,coryneum
new_data184.jpeg,coryneum
new_data185.jpeg,coryneum
new_data186.jpeg,coryneum
new_data187.jpeg,chancre fusicocum
new_data188.jpeg,chancre fusicocum
new_data189.jpeg,chancre fusicocum
new_data190.jpeg,chancre fusicocum
new_data191.jpeg,chancre fusicocum
new_data192.jpeg,chancre fusicocum
new_data193.jpeg,chancre fusicocum
new_data194.jpeg,chancre fusicocum
new_data195.jpeg,chancre fusicocum
new_data196.jpeg,chancre fusicocum
new_data197.jpeg,chancre fusicocum
new_data198.jpeg,chancre fusicocum
new_data199.jpeg,chancre fusicocum
new_data200.jpeg,chancre fusicocum
new_data201.jpeg,chancre fusicocum
new_data202.jpeg,chancre fusicocum
new_data203.jpeg,chancre fusicocum
new_data204.jpeg,chancre fusicocum
new_data205.jpeg,chancre fusicocum
new_data206.jpeg,chancre fusicocum
new_data207.jpeg,chancre fusicocum
new_data208.jpeg,chancre fusicocum
new_data209.jpeg,chancre fusicocum
new_data210.jpeg,chancre fusicocum
new_data211.jpeg,chancre fusicocum
new_data212.jpeg,chancre fusicocum
new_data213.jpeg,chancre fusicocum
new_data214.jpeg,chancre fusicocum
new_data215.jpeg,chancre fusicocum
new_data216.jpeg,chancre fusicocum
new_data217.jpeg,chancre fusicocum
new_data218.jpeg,chancre fusicocum
new_data219.jpeg,chancre fusicocum
new_data220.jpeg,chancre fusicocum
new_data221.jpeg,chancre fusicocum
new_data222.jpeg,chancre fusicocum
new_data223.jpeg,chancre fusicocum
new_data224.jpeg,chancre fusicocum
new_data225.jpeg,chancre fusicocum
new_data226.jpeg,chancre fusicocum
new_data227.jpeg,chancre fusicocum
new_data228.jpeg,chancre fusicocum
new_data229.jpeg,chancre fusicocum
new_data230.jpeg,chancre fusicocum
new_data231.jpeg,chancre fusicocum
new_data232.jpeg,chancre fusicocum
new_data233.jpeg,chancre fusicocum
new_data234.jpeg,chancre fusicocum
new_data235.jpeg,chancre fusicocum
new_data236.jpeg,chancre fusicocum
new_data237.jpeg,chancre fusicocum
new_data238.jpeg,chancre fusicocum
new_data239.jpeg,chancre fusicocum
new_data240.jpeg,chancre fusicocum
new_data241.jpeg,chancre fusicocum
new_data242.jpeg,chancre fusicocum
new_data243.jpeg,chancre fusicocum
new_data244.jpeg,chancre fusicocum
new_data245.jpeg,chancre fusicocum
new_data246.jpeg,faux tigre
new_data247.jpeg,faux tigre
new_data248.jpeg,faux tigre
new_data249.jpeg,faux tigre
new_data250.jpeg,faux tigre
new_data251.jpeg,faux tigre
new_data252.jpeg,faux tigre
new_data253.jpeg,faux tigre
new_data254.jpeg,faux tigre
new_data255.jpeg,faux tigre
new_data256.jpeg,faux tigre
new_data257.jpeg,faux tigre
new_data258.jpeg,faux tigre
new_data259.jpeg,faux tigre
new_data260.jpeg,faux tigre
new_data261.jpeg,faux tigre
new_data262.jpeg,faux tigre
new_data263.jpeg,faux tigre
new_data264.jpeg,faux tigre
new_data265.jpeg,faux tigre
new_data266.jpeg,faux tigre
new_data267.jpeg,faux tigre
new_data268.jpeg,faux tigre
new_data269.jpeg,faux tigre
new_data270.jpeg,faux tigre
new_data271.jpeg,faux tigre
new_data272.jpeg,faux tigre
new_data273.jpeg,faux tigre
new_data274.jpeg,faux tigre
new_data275.jpeg,faux tigre
new_data276.jpeg,faux tigre
new_data277.jpeg,faux tigre
new_data278.jpeg,faux tigre
new_data279.jpeg,faux tigre
new_data280.jpeg,faux tigre
new_data281.jpeg,faux tigre
new_data282.jpeg,faux tigre
new_data283.jpeg,faux tigre
new_data284.jpeg,faux tigre
new_data285.jpeg,faux tigre
new_data286.jpeg,faux tigre
new_data287.jpeg,faux tigre
new_data288.jpeg,faux tigre
new_data289.jpeg,faux tigre
new_data290.jpeg,faux tigre
new_data291.jpeg,faux tigre
new_data292.jpeg,faux tigre
new_data293.jpeg,faux tigre
new_data294.jpeg,faux tigre
new_data295.jpeg,faux tigre
new_data296.jpeg,faux tigre
new_data297.jpeg,faux tigre
new_data298.jpeg,faux tigre
new_data299.jpeg,faux tigre
new_data300.jpeg,faux tigre
new_data301.jpeg,faux tigre
new_data302.jpeg,faux tigre
new_data303.jpeg,puceron vert
new_data304.jpeg,puceron vert
new_data305.jpeg,puceron vert
new_data306.jpeg,puceron vert
new_data307.jpeg,puceron vert
new_data308.jpeg,puceron vert
new_data309.jpeg,puceron vert
new_data310.jpeg,puceron vert
new_data311.jpeg,puceron vert
new_data312.jpeg,puceron vert
new_data313.jpeg,puceron vert
new_data314.jpeg,puceron vert
new_data315.jpeg,puceron vert
new_data316.jpeg,puceron vert
new_data317.jpeg,puceron vert
new_data318.jpeg,puceron vert
new_data319.jpeg,puceron vert
new_data320.jpeg,puceron vert
new_data321.jpeg,puceron vert
new_data322.jpeg,puceron vert
new_data323.jpeg,puceron vert
new_data324.jpeg,puceron vert
new_data325.jpeg,puceron vert
new_data326.jpeg,puceron vert
new_data327.jpeg,puceron vert
new_data328.jpeg,puceron vert
new_data329.jpeg,puceron vert
new_data330.jpeg,puceron vert
new_data331.jpeg,puceron vert
new_data332.jpeg,puceron vert
new_data333.jpeg,puceron vert
new_data334.jpeg,puceron vert
new_data335.jpeg,puceron vert
new_data336.jpeg,acariens
new_data337.jpeg,acariens
new_data338.jpeg,acariens
new_data339.jpeg,acariens
new_data340.jpeg,acariens
new_data341.jpeg,acariens
new_data342.jpeg,acariens
new_data343.jpeg,acariens
new_data344.jpeg,acariens
new_data345.jpeg,acariens
new_data346.jpeg,acariens
new_data347.jpeg,acariens
new_data348.jpeg,acariens
new_data349.jpeg,acariens
new_data350.jpeg,acariens
new_data351.jpeg,acariens
new_data352.jpeg,acariens
new_data353.jpeg,acariens
new_data354.jpeg,acariens
new_data355.jpeg,acariens
new_data356.jpeg,acariens
new_data357.jpeg,acariens
new_data358.jpeg,acariens
new_data359.jpeg,acariens
new_data360.jpeg,acariens
new_data361.jpeg,acariens
new_data362.jpeg,acariens
new_data363.jpeg,acariens
new_data364.jpeg,acariens
new_data365.jpeg,acariens
new_data366.jpeg,acariens
new_data367.jpeg,acariens
new_data368.jpeg,acariens
new_data369.jpeg,acariens
new_data370.jpeg,acariens
new_data371.jpeg,acariens
new_data372.jpeg,acariens
new_data373.jpeg,acariens
new_data374.jpeg,acariens
new_data375.jpeg,acariens
new_data376.jpeg,acariens
new_data377.jpeg,acariens
new_data378.jpeg,acariens
new_data379.jpeg,acariens
new_data380.jpeg,acariens
new_data381.jpeg,acariens
new_data382.jpeg,acariens
new_data383.jpeg,acariens
new_data384.jpeg,acariens
new_data385.jpeg,acariens
new_data386.jpeg,acariens
new_data387.jpeg,acariens
new_data388.jpeg,acariens
new_data389.jpeg,acariens
new_data390.jpeg,acariens
new_data391.jpeg,acariens
new_data392.jpeg,acariens
new_data393.jpeg,acariens
new_data394.jpeg,acariens
new_data395.jpeg,scolytes
new_data396.jpeg,scolytes
new_data397.jpeg,scolytes
new_data398.jpeg,scolytes
new_data399.jpeg,scolytes
new_data400.jpeg,scolytes
new_data401.jpeg,scolytes
new_data402.jpeg,scolytes
new_data403.jpeg,scolytes
new_data404.jpeg,scolytes
new_data405.jpeg,scolytes
new_data406.jpeg,scolytes
new_data407.jpeg,scolytes
new_data408.jpeg,scolytes
new_data409.jpeg,scolytes
new_data410.jpeg,scolytes
new_data411.jpeg,scolytes
new_data412.jpeg,scolytes
new_data413.jpeg,scolytes
new_data414.jpeg,scolytes
new_data415.jpeg,scolytes
new_data416.jpeg,scolytes
new_data417.jpeg,scolytes
new_data418.jpeg,scolytes
new_data419.jpeg,scolytes
new_data420.jpeg,scolytes
new_data421.jpeg,scolytes
new_data422.jpeg,scolytes
new_data423.jpeg,scolytes
new_data424.jpeg,scolytes
new_data425.jpeg,scolytes
new_data426.jpeg,scolytes
new_data427.jpeg,scolytes
new_data428.jpeg,scolytes
new_data429.jpeg,scolytes
new_data430.jpeg,scolytes
new_data431.jpeg,scolytes
new_data432.jpeg,scolytes
new_data433.jpeg,scolytes
new_data434.jpeg,scolytes
new_data435.jpeg,scolytes
new_data436.jpeg,scolytes
new_data437.jpeg,scolytes
new_data438.jpeg,scolytes
new_data439.jpeg,scolytes
new_data440.jpeg,scolytes
new_data441.jpeg,scolytes
new_data442.jpeg,scolytes
new_data443.jpeg,scolytes
new_data444.jpeg,scolytes
new_data445.jpeg,scolytes
new_data446.jpeg,scolytes
new_data447.jpeg,scolytes
new_data448.jpeg,scolytes
new_data449.jpeg,scolytes
new_data450.jpeg,scolytes
new_data451.jpeg,scolytes
new_data452.jpeg,puceron noir
new_data453.jpeg,puceron noir
new_data454.jpeg,puceron noir
new_data455.jpeg,puceron noir
new_data456.jpeg,puceron noir
new_data457.jpeg,othyorinques
new_data458.jpeg,othyorinques
new_data459.jpeg,othyorinques
new_data460.jpeg,othyorinques
new_data461.jpeg,othyorinques
new_data462.jpeg,othyorinques
new_data463.jpeg,othyorinques
new_data464.jpeg,othyorinques
new_data465.jpeg,othyorinques
new_data466.jpeg,othyorinques
new_data467.jpeg,othyorinques
new_data468.jpeg,othyorinques
new_data469.jpeg,othyorinques
new_data470.jpeg,othyorinques
new_data471.jpeg,othyorinques
new_data472.jpeg,othyorinques
new_data473.jpeg,othyorinques
new_data474.jpeg,othyorinques
new_data475.jpeg,othyorinques
new_data476.jpeg,othyorinques
new_data477.jpeg,othyorinques
new_data478.jpeg,othyorinques
new_data479.jpeg,othyorinques
new_data480.jpeg,othyorinques
new_data481.jpeg,othyorinques
new_data482.jpeg,othyorinques
new_data483.jpeg,othyorinques
new_data484.jpeg,othyorinques
new_data485.jpeg,othyorinques
new_data486.jpeg,othyorinques
new_data487.jpeg,othyorinques
new_data488.jpeg,othyorinques
new_data489.jpeg,othyorinques
new_data490.jpeg,othyorinques
new_data491.jpeg,othyorinques
new_data492.jpeg,othyorinques
new_data493.jpeg,othyorinques
new_data494.jpeg,othyorinques
new_data495.jpeg,othyorinques
new_data496.jpeg,othyorinques
