image,lebels
new_data0.jpeg,rouille
new_data1.jpeg,rouille
new_data2.jpeg,rouille
new_data3.jpeg,rouille
new_data4.jpeg,rouille
new_data5.jpeg,rouille
new_data6.jpeg,rouille
new_data7.jpeg,rouille
new_data8.jpeg,rouille
new_data9.jpeg,rouille
new_data10.jpeg,rouille
new_data11.jpeg,rouille
new_data12.jpeg,rouille
new_data13.jpeg,rouille
new_data14.jpeg,rouille
new_data15.jpeg,rouille
new_data16.jpeg,rouille
new_data17.jpeg,rouille
new_data18.jpeg,rouille
new_data19.jpeg,rouille
new_data20.jpeg,rouille
new_data21.jpeg,rouille
new_data22.jpeg,rouille
new_data23.jpeg,rouille
new_data24.jpeg,rouille
new_data25.jpeg,rouille
new_data26.jpeg,rouille
new_data27.jpeg,rouille
new_data28.jpeg,rouille
new_data29.jpeg,rouille
new_data30.jpeg,rouille
new_data31.jpeg,rouille
new_data32.jpeg,rouille
new_data33.jpeg,rouille
new_data34.jpeg,rouille
new_data35.jpeg,rouille
new_data36.jpeg,rouille
new_data37.jpeg,rouille
new_data38.jpeg,rouille
new_data39.jpeg,rouille
new_data40.jpeg,rouille
new_data41.jpeg,rouille
new_data42.jpeg,rouille
new_data43.jpeg,rouille
new_data44.jpeg,rouille
new_data45.jpeg,rouille
new_data46.jpeg,rouille
new_data47.jpeg,rouille
new_data48.jpeg,rouille
new_data49.jpeg,rouille
new_data50.jpeg,rouille
new_data51.jpeg,rouille
new_data52.jpeg,rouille
new_data53.jpeg,rouille
new_data54.jpeg,rouille
new_data55.jpeg,rouille
new_data56.jpeg,rouille
new_data57.jpeg,rouille
new_data58.jpeg,rouille
new_data59.jpeg,rouille
new_data60.jpeg,rouille
new_data61.jpeg,rouille
new_data62.jpeg,rouille
new_data63.jpeg,rouille
new_data64.jpeg,rouille
new_data65.jpeg,rouille
new_data66.jpeg,rouille
new_data67.jpeg,rouille
new_data68.jpeg,rouille
new_data69.jpeg,rouille
new_data70.jpeg,rouille
new_data71.jpeg,rouille
new_data72.jpeg,polystigma
new_data73.jpeg,polystigma
new_data74.jpeg,polystigma
new_data75.jpeg,polystigma
new_data76.jpeg,polystigma
new_data77.jpeg,polystigma
new_data78.jpeg,polystigma
new_data79.jpeg,polystigma
new_data80.jpeg,polystigma
new_data81.jpeg,polystigma
new_data82.jpeg,polystigma
new_data83.jpeg,polystigma
new_data84.jpeg,polystigma
new_data85.jpeg,polystigma
new_data86.jpeg,polystigma
new_data87.jpeg,polystigma
new_data88.jpeg,polystigma
new_data89.jpeg,polystigma
new_data90.jpeg,polystigma
new_data91.jpeg,polystigma
new_data92.jpeg,polystigma
new_data93.jpeg,polystigma
new_data94.jpeg,polystigma
new_data95.jpeg,polystigma
new_data96.jpeg,polystigma
new_data97.jpeg,polystigma
new_data98.jpeg,polystigma
new_data99.jpeg,polystigma
new_data100.jpeg,polystigma
new_data101.jpeg,polystigma
new_data102.jpeg,polystigma
new_data103.jpeg,polystigma
new_data104.jpeg,polystigma
new_data105.jpeg,polystigma
new_data106.jpeg,polystigma
new_data107.jpeg,polystigma
new_data108.jpeg,polystigma
new_data109.jpeg,polystigma
new_data110.jpeg,polystigma
new_data111.jpeg,polystigma
new_data112.jpeg,polystigma
new_data113.jpeg,polystigma
new_data114.jpeg,polystigma
new_data115.jpeg,polystigma
new_data116.jpeg,polystigma
new_data117.jpeg,polystigma
new_data118.jpeg,polystigma
new_data119.jpeg,polystigma
new_data120.jpeg,polystigma
new_data121.jpeg,polystigma
new_data122.jpeg,polystigma
new_data123.jpeg,polystigma
new_data124.jpeg,polystigma
new_data125.jpeg,polystigma
new_data126.jpeg,polystigma
new_data127.jpeg,polystigma
new_data128.jpeg,polystigma
new_data129.jpeg,polystigma
new_data130.jpeg,polystigma
new_data131.jpeg,polystigma
new_data132.jpeg,polystigma
new_data133.jpeg,polystigma
new_data134.jpeg,polystigma
new_data135.jpeg,polystigma
new_data136.jpeg,polystigma
new_data137.jpeg,polystigma
new_data138.jpeg,polystigma
new_data139.jpeg,polystigma
new_data140.jpeg,polystigma
new_data141.jpeg,polystigma
new_data142.jpeg,polystigma
new_data143.jpeg,polystigma
new_data144.jpeg,polystigma
new_data145.jpeg,polystigma
new_data146.jpeg,polystigma
new_data147.jpeg,polystigma
new_data148.jpeg,polystigma
new_data149.jpeg,polystigma
new_data150.jpeg,polystigma
new_data151.jpeg,polystigma
new_data152.jpeg,polystigma
new_data153.jpeg,polystigma
new_data154.jpeg,polystigma
new_data155.jpeg,polystigma
new_data156.jpeg,polystigma
new_data157.jpeg,polystigma
new_data158.jpeg,polystigma
new_data159.jpeg,polystigma
new_data160.jpeg,polystigma
new_data161.jpeg,polystigma
new_data162.jpeg,polystigma
new_data163.jpeg,polystigma
new_data164.jpeg,polystigma
new_data165.jpeg,polystigma
new_data166.jpeg,polystigma
new_data167.jpeg,polystigma
new_data168.jpeg,coryneum
new_data169.jpeg,coryneum
new_data170.jpeg,coryneum
new_data171.jpeg,coryneum
new_data172.jpeg,coryneum
new_data173.jpeg,coryneum
new_data174.jpeg,coryneum
new_data175.jpeg,coryneum
new_data176.jpeg,coryneum
new_data177.jpeg,coryneum
new_data178.jpeg,coryneum
new_data179.jpeg,coryneum
new_data180.jpeg,coryneum
new_data181.jpeg,coryneum
new_data182.jpeg,coryneum
new_data183.jpeg,coryneum
new_data184.jpeg,coryneum
new_data185.jpeg,coryneum
new_data186.jpeg,coryneum
new_data187.jpeg,coryneum
new_data188.jpeg,coryneum
new_data189.jpeg,coryneum
new_data190.jpeg,coryneum
new_data191.jpeg,coryneum
new_data192.jpeg,coryneum
new_data193.jpeg,coryneum
new_data194.jpeg,coryneum
new_data195.jpeg,coryneum
new_data196.jpeg,coryneum
new_data197.jpeg,coryneum
new_data198.jpeg,coryneum
new_data199.jpeg,coryneum
new_data200.jpeg,coryneum
new_data201.jpeg,coryneum
new_data202.jpeg,coryneum
new_data203.jpeg,coryneum
new_data204.jpeg,coryneum
new_data205.jpeg,coryneum
new_data206.jpeg,coryneum
new_data207.jpeg,coryneum
new_data208.jpeg,coryneum
new_data209.jpeg,coryneum
new_data210.jpeg,coryneum
new_data211.jpeg,coryneum
new_data212.jpeg,coryneum
new_data213.jpeg,coryneum
new_data214.jpeg,coryneum
new_data215.jpeg,coryneum
new_data216.jpeg,coryneum
new_data217.jpeg,coryneum
new_data218.jpeg,coryneum
new_data219.jpeg,coryneum
new_data220.jpeg,coryneum
new_data221.jpeg,coryneum
new_data222.jpeg,coryneum
new_data223.jpeg,coryneum
new_data224.jpeg,coryneum
new_data225.jpeg,coryneum
new_data226.jpeg,coryneum
new_data227.jpeg,coryneum
new_data228.jpeg,coryneum
new_data229.jpeg,coryneum
new_data230.jpeg,coryneum
new_data231.jpeg,coryneum
new_data232.jpeg,coryneum
new_data233.jpeg,coryneum
new_data234.jpeg,coryneum
new_data235.jpeg,coryneum
new_data236.jpeg,coryneum
new_data237.jpeg,coryneum
new_data238.jpeg,coryneum
new_data239.jpeg,coryneum
new_data240.jpeg,coryneum
new_data241.jpeg,coryneum
new_data242.jpeg,coryneum
new_data243.jpeg,coryneum
new_data244.jpeg,coryneum
new_data245.jpeg,coryneum
new_data246.jpeg,coryneum
new_data247.jpeg,coryneum
new_data248.jpeg,coryneum
new_data249.jpeg,coryneum
new_data250.jpeg,coryneum
new_data251.jpeg,coryneum
new_data252.jpeg,coryneum
new_data253.jpeg,coryneum
new_data254.jpeg,coryneum
new_data255.jpeg,coryneum
new_data256.jpeg,coryneum
new_data257.jpeg,coryneum
new_data258.jpeg,coryneum
new_data259.jpeg,coryneum
new_data260.jpeg,coryneum
new_data261.jpeg,coryneum
new_data262.jpeg,chancre fusicocum
new_data263.jpeg,chancre fusicocum
new_data264.jpeg,chancre fusicocum
new_data265.jpeg,chancre fusicocum
new_data266.jpeg,chancre fusicocum
new_data267.jpeg,chancre fusicocum
new_data268.jpeg,chancre fusicocum
new_data269.jpeg,chancre fusicocum
new_data270.jpeg,chancre fusicocum
new_data271.jpeg,chancre fusicocum
new_data272.jpeg,chancre fusicocum
new_data273.jpeg,chancre fusicocum
new_data274.jpeg,chancre fusicocum
new_data275.jpeg,chancre fusicocum
new_data276.jpeg,chancre fusicocum
new_data277.jpeg,chancre fusicocum
new_data278.jpeg,chancre fusicocum
new_data279.jpeg,chancre fusicocum
new_data280.jpeg,chancre fusicocum
new_data281.jpeg,chancre fusicocum
new_data282.jpeg,chancre fusicocum
new_data283.jpeg,chancre fusicocum
new_data284.jpeg,chancre fusicocum
new_data285.jpeg,chancre fusicocum
new_data286.jpeg,chancre fusicocum
new_data287.jpeg,chancre fusicocum
new_data288.jpeg,chancre fusicocum
new_data289.jpeg,chancre fusicocum
new_data290.jpeg,chancre fusicocum
new_data291.jpeg,chancre fusicocum
new_data292.jpeg,chancre fusicocum
new_data293.jpeg,chancre fusicocum
new_data294.jpeg,chancre fusicocum
new_data295.jpeg,chancre fusicocum
new_data296.jpeg,chancre fusicocum
new_data297.jpeg,chancre fusicocum
new_data298.jpeg,chancre fusicocum
new_data299.jpeg,chancre fusicocum
new_data300.jpeg,chancre fusicocum
new_data301.jpeg,chancre fusicocum
new_data302.jpeg,chancre fusicocum
new_data303.jpeg,chancre fusicocum
new_data304.jpeg,chancre fusicocum
new_data305.jpeg,chancre fusicocum
new_data306.jpeg,chancre fusicocum
new_data307.jpeg,chancre fusicocum
new_data308.jpeg,chancre fusicocum
new_data309.jpeg,chancre fusicocum
new_data310.jpeg,chancre fusicocum
new_data311.jpeg,chancre fusicocum
new_data312.jpeg,chancre fusicocum
new_data313.jpeg,chancre fusicocum
new_data314.jpeg,chancre fusicocum
new_data315.jpeg,chancre fusicocum
new_data316.jpeg,chancre fusicocum
new_data317.jpeg,chancre fusicocum
new_data318.jpeg,chancre fusicocum
new_data319.jpeg,chancre fusicocum
new_data320.jpeg,chancre fusicocum
new_data321.jpeg,chancre fusicocum
new_data322.jpeg,chancre fusicocum
new_data323.jpeg,chancre fusicocum
new_data324.jpeg,chancre fusicocum
new_data325.jpeg,chancre fusicocum
new_data326.jpeg,chancre fusicocum
new_data327.jpeg,chancre fusicocum
new_data328.jpeg,chancre fusicocum
new_data329.jpeg,chancre fusicocum
new_data330.jpeg,chancre fusicocum
new_data331.jpeg,chancre fusicocum
new_data332.jpeg,chancre fusicocum
new_data333.jpeg,chancre fusicocum
new_data334.jpeg,chancre fusicocum
new_data335.jpeg,chancre fusicocum
new_data336.jpeg,faux tigre
new_data337.jpeg,faux tigre
new_data338.jpeg,faux tigre
new_data339.jpeg,faux tigre
new_data340.jpeg,faux tigre
new_data341.jpeg,faux tigre
new_data342.jpeg,faux tigre
new_data343.jpeg,faux tigre
new_data344.jpeg,faux tigre
new_data345.jpeg,faux tigre
new_data346.jpeg,faux tigre
new_data347.jpeg,faux tigre
new_data348.jpeg,faux tigre
new_data349.jpeg,faux tigre
new_data350.jpeg,faux tigre
new_data351.jpeg,faux tigre
new_data352.jpeg,faux tigre
new_data353.jpeg,faux tigre
new_data354.jpeg,faux tigre
new_data355.jpeg,faux tigre
new_data356.jpeg,faux tigre
new_data357.jpeg,faux tigre
new_data358.jpeg,faux tigre
new_data359.jpeg,faux tigre
new_data360.jpeg,faux tigre
new_data361.jpeg,faux tigre
new_data362.jpeg,faux tigre
new_data363.jpeg,faux tigre
new_data364.jpeg,faux tigre
new_data365.jpeg,faux tigre
new_data366.jpeg,faux tigre
new_data367.jpeg,faux tigre
new_data368.jpeg,faux tigre
new_data369.jpeg,faux tigre
new_data370.jpeg,faux tigre
new_data371.jpeg,faux tigre
new_data372.jpeg,faux tigre
new_data373.jpeg,faux tigre
new_data374.jpeg,faux tigre
new_data375.jpeg,faux tigre
new_data376.jpeg,faux tigre
new_data377.jpeg,faux tigre
new_data378.jpeg,faux tigre
new_data379.jpeg,faux tigre
new_data380.jpeg,faux tigre
new_data381.jpeg,faux tigre
new_data382.jpeg,faux tigre
new_data383.jpeg,faux tigre
new_data384.jpeg,faux tigre
new_data385.jpeg,faux tigre
new_data386.jpeg,faux tigre
new_data387.jpeg,faux tigre
new_data388.jpeg,faux tigre
new_data389.jpeg,faux tigre
new_data390.jpeg,faux tigre
new_data391.jpeg,faux tigre
new_data392.jpeg,faux tigre
new_data393.jpeg,faux tigre
new_data394.jpeg,faux tigre
new_data395.jpeg,faux tigre
new_data396.jpeg,faux tigre
new_data397.jpeg,faux tigre
new_data398.jpeg,faux tigre
new_data399.jpeg,faux tigre
new_data400.jpeg,faux tigre
new_data401.jpeg,faux tigre
new_data402.jpeg,faux tigre
new_data403.jpeg,faux tigre
new_data404.jpeg,faux tigre
new_data405.jpeg,faux tigre
new_data406.jpeg,faux tigre
new_data407.jpeg,faux tigre
new_data408.jpeg,faux tigre
new_data409.jpeg,faux tigre
new_data410.jpeg,faux tigre
new_data411.jpeg,faux tigre
new_data412.jpeg,faux tigre
new_data413.jpeg,faux tigre
new_data414.jpeg,faux tigre
new_data415.jpeg,faux tigre
new_data416.jpeg,puceron vert
new_data417.jpeg,puceron vert
new_data418.jpeg,puceron vert
new_data419.jpeg,puceron vert
new_data420.jpeg,puceron vert
new_data421.jpeg,puceron vert
new_data422.jpeg,puceron vert
new_data423.jpeg,puceron vert
new_data424.jpeg,puceron vert
new_data425.jpeg,puceron vert
new_data426.jpeg,puceron vert
new_data427.jpeg,puceron vert
new_data428.jpeg,puceron vert
new_data429.jpeg,puceron vert
new_data430.jpeg,puceron vert
new_data431.jpeg,puceron vert
new_data432.jpeg,puceron vert
new_data433.jpeg,puceron vert
new_data434.jpeg,puceron vert
new_data435.jpeg,puceron vert
new_data436.jpeg,puceron vert
new_data437.jpeg,puceron vert
new_data438.jpeg,puceron vert
new_data439.jpeg,puceron vert
new_data440.jpeg,puceron vert
new_data441.jpeg,puceron vert
new_data442.jpeg,puceron vert
new_data443.jpeg,puceron vert
new_data444.jpeg,puceron vert
new_data445.jpeg,puceron vert
new_data446.jpeg,puceron vert
new_data447.jpeg,puceron vert
new_data448.jpeg,puceron vert
new_data449.jpeg,acariens
new_data450.jpeg,acariens
new_data451.jpeg,acariens
new_data452.jpeg,acariens
new_data453.jpeg,acariens
new_data454.jpeg,acariens
new_data455.jpeg,acariens
new_data456.jpeg,acariens
new_data457.jpeg,acariens
new_data458.jpeg,acariens
new_data459.jpeg,acariens
new_data460.jpeg,acariens
new_data461.jpeg,acariens
new_data462.jpeg,acariens
new_data463.jpeg,acariens
new_data464.jpeg,acariens
new_data465.jpeg,acariens
new_data466.jpeg,acariens
new_data467.jpeg,acariens
new_data468.jpeg,acariens
new_data469.jpeg,acariens
new_data470.jpeg,acariens
new_data471.jpeg,acariens
new_data472.jpeg,acariens
new_data473.jpeg,acariens
new_data474.jpeg,acariens
new_data475.jpeg,acariens
new_data476.jpeg,acariens
new_data477.jpeg,acariens
new_data478.jpeg,acariens
new_data479.jpeg,acariens
new_data480.jpeg,acariens
new_data481.jpeg,acariens
new_data482.jpeg,acariens
new_data483.jpeg,acariens
new_data484.jpeg,acariens
new_data485.jpeg,acariens
new_data486.jpeg,acariens
new_data487.jpeg,acariens
new_data488.jpeg,acariens
new_data489.jpeg,acariens
new_data490.jpeg,acariens
new_data491.jpeg,acariens
new_data492.jpeg,acariens
new_data493.jpeg,acariens
new_data494.jpeg,acariens
new_data495.jpeg,acariens
new_data496.jpeg,acariens
new_data497.jpeg,acariens
new_data498.jpeg,acariens
new_data499.jpeg,acariens
new_data500.jpeg,acariens
new_data501.jpeg,acariens
new_data502.jpeg,acariens
new_data503.jpeg,acariens
new_data504.jpeg,acariens
new_data505.jpeg,acariens
new_data506.jpeg,acariens
new_data507.jpeg,acariens
new_data508.jpeg,scolytes
new_data509.jpeg,scolytes
new_data510.jpeg,scolytes
new_data511.jpeg,scolytes
new_data512.jpeg,scolytes
new_data513.jpeg,scolytes
new_data514.jpeg,scolytes
new_data515.jpeg,scolytes
new_data516.jpeg,scolytes
new_data517.jpeg,scolytes
new_data518.jpeg,scolytes
new_data519.jpeg,scolytes
new_data520.jpeg,scolytes
new_data521.jpeg,scolytes
new_data522.jpeg,scolytes
new_data523.jpeg,scolytes
new_data524.jpeg,scolytes
new_data525.jpeg,scolytes
new_data526.jpeg,scolytes
new_data527.jpeg,scolytes
new_data528.jpeg,scolytes
new_data529.jpeg,scolytes
new_data530.jpeg,scolytes
new_data531.jpeg,scolytes
new_data532.jpeg,scolytes
new_data533.jpeg,scolytes
new_data534.jpeg,scolytes
new_data535.jpeg,scolytes
new_data536.jpeg,scolytes
new_data537.jpeg,scolytes
new_data538.jpeg,scolytes
new_data539.jpeg,scolytes
new_data540.jpeg,scolytes
new_data541.jpeg,scolytes
new_data542.jpeg,scolytes
new_data543.jpeg,scolytes
new_data544.jpeg,scolytes
new_data545.jpeg,scolytes
new_data546.jpeg,scolytes
new_data547.jpeg,scolytes
new_data548.jpeg,scolytes
new_data549.jpeg,scolytes
new_data550.jpeg,scolytes
new_data551.jpeg,scolytes
new_data552.jpeg,scolytes
new_data553.jpeg,scolytes
new_data554.jpeg,scolytes
new_data555.jpeg,scolytes
new_data556.jpeg,scolytes
new_data557.jpeg,scolytes
new_data558.jpeg,scolytes
new_data559.jpeg,scolytes
new_data560.jpeg,scolytes
new_data561.jpeg,scolytes
new_data562.jpeg,scolytes
new_data563.jpeg,scolytes
new_data564.jpeg,scolytes
new_data565.jpeg,scolytes
new_data566.jpeg,scolytes
new_data567.jpeg,scolytes
new_data568.jpeg,scolytes
new_data569.jpeg,scolytes
new_data570.jpeg,scolytes
new_data571.jpeg,scolytes
new_data572.jpeg,scolytes
new_data573.jpeg,scolytes
new_data574.jpeg,scolytes
new_data575.jpeg,scolytes
new_data576.jpeg,scolytes
new_data577.jpeg,scolytes
new_data578.jpeg,scolytes
new_data579.jpeg,scolytes
new_data580.jpeg,scolytes
new_data581.jpeg,scolytes
new_data582.jpeg,scolytes
new_data583.jpeg,scolytes
new_data584.jpeg,scolytes
new_data585.jpeg,scolytes
new_data586.jpeg,scolytes
new_data587.jpeg,scolytes
new_data588.jpeg,scolytes
new_data589.jpeg,puceron noir
new_data590.jpeg,puceron noir
new_data591.jpeg,puceron noir
new_data592.jpeg,puceron noir
new_data593.jpeg,puceron noir
new_data594.jpeg,othyorinques
new_data595.jpeg,othyorinques
new_data596.jpeg,othyorinques
new_data597.jpeg,othyorinques
new_data598.jpeg,othyorinques
new_data599.jpeg,othyorinques
new_data600.jpeg,othyorinques
new_data601.jpeg,othyorinques
new_data602.jpeg,othyorinques
new_data603.jpeg,othyorinques
new_data604.jpeg,othyorinques
new_data605.jpeg,othyorinques
new_data606.jpeg,othyorinques
new_data607.jpeg,othyorinques
new_data608.jpeg,othyorinques
new_data609.jpeg,othyorinques
new_data610.jpeg,othyorinques
new_data611.jpeg,othyorinques
new_data612.jpeg,othyorinques
new_data613.jpeg,othyorinques
new_data614.jpeg,othyorinques
new_data615.jpeg,othyorinques
new_data616.jpeg,othyorinques
new_data617.jpeg,othyorinques
new_data618.jpeg,othyorinques
new_data619.jpeg,othyorinques
new_data620.jpeg,othyorinques
new_data621.jpeg,othyorinques
new_data622.jpeg,othyorinques
new_data623.jpeg,othyorinques
new_data624.jpeg,othyorinques
new_data625.jpeg,othyorinques
new_data626.jpeg,othyorinques
new_data627.jpeg,othyorinques
new_data628.jpeg,othyorinques
new_data629.jpeg,othyorinques
new_data630.jpeg,othyorinques
new_data631.jpeg,othyorinques
new_data632.jpeg,othyorinques
new_data633.jpeg,othyorinques
new_data634.jpeg,othyorinques
new_data635.jpeg,othyorinques
new_data636.jpeg,othyorinques
new_data637.jpeg,othyorinques
new_data638.jpeg,othyorinques
new_data639.jpeg,othyorinques
new_data640.jpeg,othyorinques
new_data641.jpeg,othyorinques
new_data642.jpeg,othyorinques
new_data643.jpeg,othyorinques
new_data644.jpeg,othyorinques
new_data645.jpeg,othyorinques
new_data646.jpeg,othyorinques
new_data647.jpeg,othyorinques
new_data648.jpeg,othyorinques
new_data649.jpeg,othyorinques
new_data650.jpeg,othyorinques
new_data651.jpeg,othyorinques
new_data652.jpeg,othyorinques
new_data653.jpeg,othyorinques
new_data654.jpeg,othyorinques
